bat,subb,test,id,num_pvals,unique,ratio,min,max,KS,log_KS,chi2_1.0,chi2_2.0,chi2_3.0,chi2_4.0,log_chi2_1.0,log_chi2_2.0,log_chi2_3.0,log_chi2_4.0,L_9,L_8,L_7,L_6,L_5,L_4,L_3,L_2,L_1,num_pvals2,R_1,R_2,R_3,R_4,R_5,R_6,R_7,R_8,R_9,l_9,l_8,l_7,l_6,l_5,l_4,l_3,l_2,l_1,r_1,r_2,r_3,r_4,r_5,r_6,r_7,r_8,r_9,log_l_9,log_l_8,log_l_7,log_l_6,log_l_5,log_l_4,log_l_3,log_l_2,log_l_1,log_r_1,log_r_2,log_r_3,log_r_4,log_r_5,log_r_6,log_r_7,log_r_8,log_r_9
virtual,,_uniform_pvals_devurand,000|000|000,10000000,9988412,1,1.621e-07,0.9999999774,0.2791475933961282,-0.6,0.8915400629607035,0.9476133419882122,0.8531123021925672,0.5686341149378401,-0.0,-0.0,-0.1,-0.2,0,0,0,10,101,994,10005,99740,1000116,10000000,1000596,100227,10045,1014,80,5,1,0,0,0.0,0.0,0.0,1.0,1.0,1.0,1.0,1.0,1.0,1.0,1.0,1.0,1.0,0.8,0.5,1.0,0.0,0.0,-1000,-1000,-1000,0.0,0.0,0.0,0.0,0.0,0.0,0.0,0.0,0.0,0.0,-0.1,-0.3,0.0,-1000,-1000
